{"cameraMode":{"drawMode":0,"name":"Shaded","section":"Shading Mode"},"sceneLighting":true,"audioPlay":false,"sceneViewState":{"m_AlwaysRefresh":false,"showFog":true,"showSkybox":true,"showFlares":true,"showImageEffects":true,"showParticleSystems":true,"showVisualEffectGraphs":true,"m_FxEnabled":true},"in2DMode":false,"pivot":{"x":2.2381234169006349,"y":-0.3070716857910156,"z":2.7533559799194338},"rotation":{"x":0.2625141739845276,"y":-0.6083258986473084,"z":0.22336560487747193,"w":0.7149431109428406},"size":3.7295031547546388,"orthographic":false}