{"cameraMode":{"drawMode":0,"name":"Shaded","section":"Shading Mode"},"sceneLighting":false,"audioPlay":false,"sceneViewState":{"m_AlwaysRefresh":false,"showFog":true,"showSkybox":false,"showFlares":true,"showImageEffects":true,"showParticleSystems":true,"showVisualEffectGraphs":true,"m_FxEnabled":true},"in2DMode":false,"pivot":{"x":-1.3664189577102662,"y":0.22745820879936219,"z":0.23269647359848023},"rotation":{"x":-0.1332819014787674,"y":0.3199685513973236,"z":-0.045518241822719577,"w":-0.936904788017273},"size":1.6127759218215943,"orthographic":false}